,0
0,75.91267526415093
1,75.89180752830188
2,75.87273473584906
3,75.52655132692306
4,75.50379355769232
5,75.48207994230769
6,75.65480347058825
7,75.62696590196079
8,75.59874078431373
9,75.173117
10,75.14324424
11,74.87495320408163
12,74.57142064
13,74.54416332000001
14,74.51953298
15,74.63981277551021
16,74.93394854166667
17,74.91423075
18,74.89418795833333
19,75.19675068085107
20,75.17849129787233
21,75.16488965957447
22,75.14985478723405
23,75.13450714893618
24,74.21990241666667
25,74.37623806382979
26,74.6728678478261
27,74.33058087234042
28,74.43617975555557
29,74.41052224444444
30,74.38404215555556
31,74.14489545454545
32,74.31298313333335
33,74.28576622222222
34,73.85434528571429
35,73.82917880952381
36,73.80060102380952
37,73.96915179999999
38,73.94331574999998
39,73.91890364999999
40,74.18160733333333
41,74.06467627027027
42,74.04245991891891
43,74.019599
44,73.9984242972973
45,73.13510821052633
46,73.10547650000001
47,73.52467410810812
48,72.82752402777777
49,73.45365697297298
50,72.6538905945946
51,72.62025743243244
52,71.5293851081081
53,71.49745783783786
54,71.46597805405405
55,71.43463548648647
56,71.4031424054054
57,71.37278091891892
58,71.36998422222223
59,71.34164925
60,71.30861583333336
61,71.27052644444444
62,70.53992059999999
63,70.50138539999999
64,70.46428982857144
65,70.43177742857144
66,69.94377444117647
67,69.01763257575759
68,68.99345745454545
69,68.54064753124999
70,68.5096225625
71,67.62606767712515
72,67.53880085030373
73,67.45184464039066
74,67.36519837556851
75,67.27886138401989
76,67.1928329939274
77,67.10711253347364
78,67.0216993308412
79,66.9365927142127
80,66.85179201177071
81,66.76729655169785
82,66.68310566217671
83,66.5992186713899
84,66.51563490752001
85,66.43235369874964
86,66.34937437326138
87,66.26669625923785
88,66.18431868486162
89,66.10224097831532
90,66.02046246778154
91,65.93898248144286
92,65.85780034748191
93,65.77691539408127
94,65.69632694942354
95,65.61603434169132
96,65.5360368990672
97,65.4563339497338
98,65.37692482187371
99,65.29780884366953
100,65.21898534330384
101,65.14045364895927
102,65.0622130888184
103,64.98426299106384
104,64.90660268387818
105,64.82923149544402
106,64.75214875394396
107,64.6753537875606
108,64.59884592447654
109,64.52262449287439
110,64.44668882093671
111,64.37103823684615
112,64.29567206878528
113,64.22058964493671
114,64.14579029348302
115,64.07127334260683
116,63.99703812049073
117,63.92308395531733
118,63.84941017526921
119,63.77601610852898
120,63.70290108327925
121,63.63006442770259
122,63.55750546998163
123,63.48522353829895
124,63.41321796083715
125,63.34148806577884
126,63.270033181306616
127,63.19885263560306
128,63.1279457568508
129,63.057311873232415
130,62.9869503129305
131,62.91686040412768
132,62.84704147500653
133,62.77749285374965
134,62.70821386853966
135,62.63920384755913
136,62.57046211899068
137,62.501988011016905
138,62.4337808518204
139,62.36583996958376
140,62.29816469248959
141,62.230754348720495
142,62.16360826645907
143,62.09672577388791
144,62.03010619918962
145,61.96374887054679
146,61.89765311614202
147,61.83181826415792
148,61.76624364277709
149,61.70092858018211
150,61.6358724045556
151,61.57107444408014
152,61.50653402693834
153,61.4422504813128
154,61.37822313538612
155,61.3144513173409
156,61.25093435535973
157,61.18767157762522
158,61.12466231231996
159,61.06190588762655
160,60.9994016317276
161,60.937148872805686
162,60.87514693904343
163,60.81339515862342
164,60.75189285972826
165,60.69063937054055
166,60.629634019242886
167,60.56887613401787
168,60.50836504304809
169,60.44810007451616
170,60.38808055660467
171,60.328305817496215
172,60.26877518537341
173,60.20948798841884
174,60.15044355481512
175,60.091641212744825
176,60.03308029039057
177,59.97476011593496
178,59.91668001756058
179,59.85883932345003
180,59.80123736178592
181,59.743873460750834
182,59.686746948527386
183,59.62985715329816
184,59.57320340324577
185,59.51678502655282
186,59.46060135140189
187,59.40465170597558
188,59.3489354184565
189,59.29345181702725
190,59.238200229870415
191,59.18317998516861
192,59.12839041110443
193,59.07383083586046
194,59.01950058761932
195,58.9653989945636
196,58.9115253848759
197,58.85787908673881
198,58.804459428334944
199,58.75126573784689
200,58.698297343457256
201,58.64555357334864
202,58.59303375570362
203,58.54073721870483
204,58.488663290534845
205,58.436811299376274
206,58.3851805734117
207,58.33377044082375
208,58.282580229795
209,58.23160926850806
210,58.18085688514552
211,58.13032240788999
212,58.08000516492406
213,58.02990448443035
214,57.98001969459142
215,57.9303501235899
216,57.88089509960838
217,57.83165395082946
218,57.78262600543575
219,57.733810591609824
220,57.6852070375343
221,57.63681467139177
222,57.58863282136484
223,57.540660815636095
224,57.49289798238815
225,57.44534364980359
226,57.39799714606504
227,57.350857799355055
228,57.30392493785628
229,57.25719788975128
230,57.21067598322268
231,57.16435854645306
232,57.11824490762503
233,57.07233439492117
234,57.02662633652411
235,56.98112006061643
236,56.93581489538073
237,56.89071016899961
238,56.84580520965567
239,56.80109934553151
240,56.75659190480974
241,56.712282215672936
242,56.66816960630371
243,56.62425340488466
244,56.58053293959839
245,56.537007538627485
246,56.49367653015456
247,56.45053924236221
248,56.40759500343302
249,56.364843141549606
250,56.32228298489457
251,56.27991386165049
252,56.23773509999998
253,56.19574602812564
254,56.15394597421007
255,56.11233426643586
256,56.07091023298561
257,56.029673202041934
258,55.98862250178741
259,55.94775746040465
260,55.907077406076255
261,55.866581666984814
262,55.826269571312935
263,55.786140447243206
264,55.74619362295824
265,55.70642842664063
266,55.66684418647297
267,55.62744023063787
268,55.58821588731792
269,55.54917048469572
270,55.51030335095388
271,55.47161381427498
272,55.43310120284164
273,55.39476484483644
274,55.35660406844199
275,55.31861820184088
276,55.28080657321573
277,55.24316851074912
278,55.20570334262364
279,55.16841039702192
280,55.131289002126536
281,55.09433848612009
282,55.05755817718519
283,55.02094740350442
284,54.9845054932604
285,54.94823177463571
286,54.91212557581296
287,54.876186224974745
288,54.84041305030367
289,54.80480537998231
290,54.7693625421933
291,54.73408386511922
292,54.69896867694267
293,54.664016305846246
294,54.62922608001255
295,54.59459732762419
296,54.56012937686376
297,54.52582155591385
298,54.49167319295706
299,54.457683616176
300,54.42385215375327
301,54.39017813387146
302,54.356660884713165
303,54.323299734461
304,54.29009401129755
305,54.25704304340542
306,54.2241461589672
307,54.1914026861655
308,54.15881195318293
309,54.12637328820207
310,54.09408601940552
311,54.06194947497588
312,54.02996298309576
313,53.99812587194776
314,53.966437469714464
315,53.93489710457847
316,53.90350410472239
317,53.87225779832882
318,53.84115751358036
319,53.81020257865959
320,53.77939232174914
321,53.7487260710316
322,53.71820315468955
323,53.687822900905616
324,53.65758463786237
325,53.62748769374244
326,53.5975313967284
327,53.56771507500286
328,53.53803805674841
329,53.50849967014767
330,53.47909924338322
331,53.44983610463768
332,53.42070958209361
333,53.391719003933645
334,53.36286369834038
335,53.3341429934964
336,53.30555621758431
337,53.27710269878671
338,53.2487817652862
339,53.220592745265385
340,53.19253496690685
341,53.1646077583932
342,53.13681044790704
343,53.10914236363096
344,53.08160283374757
345,53.054191186439446
346,53.02690674988922
347,52.999748852279474
348,52.9727168217928
349,52.94580998661182
350,52.91902767491909
351,52.89236921489727
352,52.86583393472891
353,52.83942116259663
354,52.81313022668301
355,52.78696045517067
356,52.76091117624222
357,52.73498171808023
358,52.7091714088673
359,52.68347957678605
360,52.657905550019066
361,52.63244865674896
362,52.60710822515831
363,52.58188358342973
364,52.55677405974581
365,52.531778982289154
366,52.50689767924237
367,52.48212947878804
368,52.45747370910878
369,52.432929698387184
370,52.40849677480584
371,52.38417426654735
372,52.35996150179433
373,52.33585780872936
374,52.31186251553505
375,52.28797495039399
376,52.26419444148878
377,52.24052031700203
378,52.21695190511633
379,52.19348853401429
380,52.17012953187849
381,52.14687422689154
382,52.12372194723605
383,52.1006720210946
384,52.077723776649805
385,52.05487654208424
386,52.032129645580525
387,52.00948241532127
388,51.98693417948904
389,51.96448426626645
390,51.94213200383612
391,51.91987672038062
392,51.89771774408256
393,51.875654403124535
394,51.85368602568916
395,51.83181193995902
396,51.8100314741167
397,51.78834395634483
398,51.76674871482599
399,51.74524507774278
400,51.7238323732778
401,51.70250992961367
402,51.68127707493295
403,51.66013313741827
404,51.63907744525221
405,51.618109326617386
406,51.59722810969639
407,51.57643312267181
408,51.55572369372626
409,51.53509915104234
410,51.51455882280264
411,51.49410203718976
412,51.4737281223863
413,51.45343640657487
414,51.43322621793805
415,51.41309688465845
416,51.39304773491867
417,51.3730780969013
418,51.35318729878896
419,51.333374668764215
420,51.3136395350097
421,51.293981225708
422,51.2743990690417
423,51.254892393193416
424,51.23546052634574
425,51.21610279668128
426,51.19681853238263
427,51.17760706163238
428,51.15846771261313
429,51.13939981350751
430,51.12040269249808
431,51.10147567776745
432,51.08261809749823
433,51.06382927987301
434,51.04510855307439
435,51.02645524528497
436,51.00786868468736
437,50.98934819946414
438,50.97089311779792
439,50.95250276787129
440,50.934176477866856
441,50.91591357596722
442,50.89771339035498
443,50.879575249212735
444,50.86149848072308
445,50.84348241306861
446,50.82552637443193
447,50.80762969299565
448,50.78979169694236
449,50.77201171445465
450,50.75428907371512
451,50.73662310290639
452,50.71901313021104
453,50.70145848381167
454,50.68395849189088
455,50.66651248263128
456,50.649119784215465
457,50.63177972482602
458,50.61449163264555
459,50.597254835856674
460,50.58006866264197
461,50.56293244118403
462,50.54584549966548
463,50.528807166268905
464,50.5118167691769
465,50.49487363657207
466,50.477977096637005
467,50.46112647755432
468,50.4443211075066
469,50.42756031467645
470,50.41084342724648
471,50.394169773399256
472,50.37753868131741
473,50.36094947918353
474,50.344401495180215
475,50.327894057490056
476,50.31142649429566
477,50.29499813377964
478,50.278608304124575
479,50.262256333513065
480,50.24594155012771
481,50.22966328215112
482,50.2134208577659
483,50.19721360515462
484,50.18104085249989
485,50.16490192798433
486,50.14879615979052
487,50.13272287610107
488,50.11668140509856
489,50.1006710749656
490,50.0846912138848
491,50.06874115003873
492,50.05282021161003
493,50.03692772678127
494,50.02106302373506
495,50.00522543065399
496,49.98941427572066
497,49.97362888711768
498,49.95786859302765
499,49.94213272163314
500,49.9264206011168
501,49.91073155966119
502,49.89506492544891
503,49.879420026662565
504,49.86379619148477
505,49.84819274809811
506,49.832609024685176
507,49.81704434942858
508,49.80149805051092
509,49.7859694561148
510,49.7704578944228
511,49.75496269361753
512,49.7394831818816
513,49.72401868739759
514,49.70856853834812
515,49.693132062915765
516,49.677708589283135
517,49.66229744563284
518,49.64689796014747
519,49.631509461009614
520,49.61613127640189
521,49.60076273450689
522,49.5854031635072
523,49.57005189158543
524,49.554708246924186
525,49.539371557706055
526,49.52404115211365
527,49.50871635832956
528,49.49339650453638
529,49.47808091891671
530,49.46276892965315
531,49.44745986492832
532,49.4321530529248
533,49.41684782182517
534,49.401543499812064
535,49.38623941506807
536,49.370934895775775
537,49.3556292701178
538,49.34032186627672
539,49.32501201243515
540,49.3096990367757
541,49.29438226748092
542,49.27906103273346
543,49.26373466071591
544,49.24840247961085
545,49.23306381760088
546,49.21771800286862
547,49.20236436359667
548,49.1870022279676
549,49.17163092416403
550,49.15624978036856
551,49.14085812476378
552,49.1254552855323
553,49.11004059085671
554,49.0946133689196
555,49.07917294790359
556,49.06371865599127
557,49.048249821365246
558,49.032765772208094
559,49.01726583670244
560,49.00174934303087
561,48.98621561937598
562,48.97066399392038
563,48.95509379484667
564,48.93950435033743
565,48.923894988575285
566,48.90826503774281
567,48.89261382602261
568,48.87694068159729
569,48.86124493264946
570,48.8455259073617
571,48.82978293391662
572,48.8140153404968
573,48.79822245528487
574,48.78240360646341
575,48.766558122215024
576,48.75068533072231
577,48.73478456016787
578,48.71885513873428
579,48.70289639460417
580,48.68690765596013
581,48.67088825098476
582,48.65483750786065
583,48.6387547547704
584,48.62263931989664
585,48.60649053142192
586,48.59030771752886
587,48.57409020640006
588,48.55783732621813
589,48.54154840516567
590,48.52522277142526
591,48.5088597531795
592,48.49245867861101
593,48.47601887590237
594,48.45953967323618
595,48.44302039879504
596,48.426460380761554
597,48.40985894731834
598,48.39321542664796
599,48.376529146933024
600,48.35979943635616
601,48.34302562309994
602,48.32620703534696
603,48.30934300127982
604,48.29243284908112
605,48.27547590693348
606,48.25847150301949
607,48.24141896552173
608,48.224317622622834
609,48.20716680250536
610,48.18996583335192
611,48.17271404334514
612,48.15541076066758
613,48.138055313501866
614,48.12064703003058
615,48.10318523843634
616,48.08566926690174
617,48.06809844360937
618,48.05047209674183
619,48.03278955448173
620,48.01505014501165
621,47.99725319651418
622,47.979398037171975
623,47.96148399516759
624,47.94351039868363
625,47.92547657590269
626,47.90738185500739
627,47.88922556418031
628,47.87100703160405
629,47.85272558546121
630,47.83438055393438
631,47.815971265206194
632,47.79749704745922
633,47.77895722887606
634,47.76035113763933
635,47.74167810193162
636,47.72293744993553
637,47.70412850983362
638,47.68525060980855
639,47.6663030780429
640,47.64728524271925
641,47.62819643202023
642,47.6090359741284
643,47.5898031972264
644,47.57049742949678
645,47.5511179991222
646,47.53166423428522
647,47.512135463168434
648,47.49253101395445
649,47.4728502148259
650,47.453092393965335
651,47.43325687955537
652,47.41334299977862
653,47.393350082817655
654,47.37327745685511
655,47.35312445007354
656,47.33289039065557
657,47.312574606783805
658,47.29217642664085
659,47.27169517840928
660,47.251130190271695
661,47.23048079041072
662,47.20974630700894
663,47.18892606824894
664,47.16801940231332
665,47.14702563738471
666,47.12594410164568
667,47.10477412327885
668,47.08351503046679
669,47.06216615139213
670,47.04072681423746
671,47.01919634718536
672,46.997574078418445
673,46.97585933611931
674,46.954051448470565
675,46.9321497436548
676,46.91015354985461
677,46.888062195252616
678,46.8658750080314
679,46.843591316373534
680,46.82121044846167
681,46.79873173247837
682,46.77615449660624
683,46.75347806902788
684,46.7307017779259
685,46.707824951482905
686,46.68484691788146
687,46.661767005304206
688,46.63858454193373
689,46.61529885595259
690,46.59190927554341
691,46.568415128888816
692,46.5448157441714
693,46.52111044957373
694,46.49729857327844
695,46.4733794434681
696,46.44935238832533
697,46.42521673603272
698,46.40097181477287
699,46.37661695272836
700,46.35215147808181
701,46.32757471901584
702,46.30288600371302
703,46.27808466035595
704,46.253170017127246
705,46.22814140220949
706,46.20299814378528
707,46.17773957003721
708,46.15236500914789
709,46.12687378929994
710,46.101265238675936
711,46.07553868545848
712,46.04969345783018
713,46.023728883973625
714,45.9976442920714
715,45.971439010306106
716,45.94511236686037
717,45.91866368991678
718,45.89209230765793
719,45.86539754826644
720,45.83857873992487
721,45.81163521081585
722,45.784566289121976
723,45.7573713030258
724,45.73004958070999
725,45.702600450357096
726,45.67502324014976
727,45.64731727827054
728,45.61948189290207
729,45.59151641222692
730,45.56342016442769
731,45.535192477687005
732,45.50683268018745
733,45.47834010011162
734,45.4497140656421
735,45.42095390496153
736,45.39205894625248
737,45.36302851769755
738,45.33386194747934
739,45.30455856378045
740,45.275117694783496
741,45.24553866867107
742,45.21582081362573
743,45.18596345783014
744,45.15596592946685
745,45.12582755671849
746,45.09554766776762
747,45.06512559079689
748,45.03456065398888
749,45.00385218552616
750,44.972999513591375
751,44.94200196636707
752,44.91085887203592
753,44.87956955878043
754,44.84813335478328
755,44.81654958822704
756,44.7848175872943
757,44.752936680167664
758,44.72090619502975
759,44.68872546006312
760,44.65639380345039
761,44.62391055337416
762,44.591275038017045
763,44.55848658556162
764,44.52554452419052
765,44.49244818208629
766,44.45919688743159
767,44.42578996840896
768,44.39222675320104
769,44.358506569990375
770,44.32462874695963
771,44.290592612291405
772,44.25639749416824
773,44.22204272077279
774,44.18752762028762
775,44.15285152089535
776,44.11801375077853
777,44.083013638119816
778,44.04785051110179
779,44.01252369790706
780,43.97703252671823
781,43.94137632571787
782,43.90555442308859
783,43.869566147013
784,43.83341082567367
785,43.797087787253226
786,43.760596359934254
787,43.723935871899386
788,43.68710565133119
789,43.65010502641227
790,43.61293332532523
791,43.57558987625264
792,43.53807400737714
793,43.50038504688132
794,43.46252232294777
795,43.42448516375909
796,43.38627289749788
797,43.34788485234673
798,43.30932035648826
799,43.27057873810504
800,43.2316593253797
801,43.19256144649484
802,43.15328442963303
803,43.11382760297688
804,43.07419029470899
805,43.03437183301199
806,42.99437154606844
807,42.95418876206092
808,42.91382280917208
809,42.873273015584495
810,42.83253870948079
811,42.79161921904351
812,42.7505138724553
813,42.70922199789875
814,42.66774292355643
815,42.62607597761098
816,42.584220488245
817,42.54217578364105
818,42.49994119198176
819,42.45751604144972
820,42.414899660227526
821,42.37209137649777
822,42.32909051844305
823,42.285896414246
824,42.24250839208919
825,42.19892578015522
826,42.1551479066267
827,42.11117409968622
828,42.06700368751638
829,42.022635998299776
830,41.97807036021899
831,41.92224963492064
832,41.91854936507936
833,41.914430412698415
834,41.91049306349207
835,41.90645033333333
836,41.89785276190476
837,41.88664020634921
838,41.87961890476191
839,41.86902842857142
840,41.85849444444446
841,41.84581560317461
842,41.83825207936508
843,41.82715155555555
844,41.816595412698405
845,41.80581446031746
846,41.79513126984127
847,41.78405555555555
848,41.772187555555554
849,41.76318587301588
850,41.75129268253968
851,41.74138152380953
852,41.72774071428573
853,41.71641403174603
854,41.70104166666666
855,41.69040163492065
856,41.67676084126984
857,41.66544487301588
858,41.65254592063492
859,41.5666585
860,41.55345875806452
861,41.54361441935484
862,41.60495733333334
863,41.59402677777778
864,41.5835367936508
865,41.57595171428571
866,41.57458433333334
867,41.57304953968253
868,41.57449712698413
869,41.57712952380952
870,41.57677484126985
871,41.41657004838709
872,41.5740157936508
873,41.57405179365078
874,41.57316396825396
875,41.57467492063493
876,41.57040184126984
877,41.56778931746032
878,41.563097619047625
879,41.559731507936505
880,41.55546803174603
881,41.54563690476191
882,41.536952095238085
883,41.52779963492064
884,41.518036873015866
885,41.50888238095239
886,41.50955917460317
887,41.50606861904763
888,41.50380158730159
889,41.50207147619047
890,41.50187241269842
891,41.50320636507936
892,41.50465028571429
893,41.504410793650806
894,41.770553375000006
895,41.771833578125
896,41.783074859375
897,41.790838640625
898,41.79956825000001
899,41.809420625
900,41.816282328125
901,41.82752825
902,41.836325328125
903,41.845745234375
904,41.85834117187501
905,41.8707605625
906,41.88673446874999
907,41.896182234375
908,41.9093225
909,41.923523078125
910,41.52393291223953
911,41.55527078808795
912,41.58708771565341
913,41.61938162898427
914,41.65215046212892
915,41.68539214913572
916,41.719104624053074
917,41.75328582092934
918,41.78793367381291
919,41.82304611675215
920,41.85862108379544
921,41.894656508991154
922,41.93115032638768
923,41.96810047003338
924,42.005504873976655
925,42.043361472265865
926,42.08166819894939
927,42.1204229880756
928,42.15962377369289
929,42.19926848984963
930,42.23935507059419
931,42.27988144997496
932,42.32084556204031
933,42.36224534083862
934,42.40407872041826
935,42.44634363482762
936,42.48903801811507
937,42.53215980432899
938,42.57570692751776
939,42.61967732172975
940,42.66406892101334
941,42.70887965941691
942,42.75410747098884
943,42.79975028977751
944,42.84580604983128
945,42.89227268519854
946,42.93914812992767
947,42.98643031806705
948,43.034117183665046
949,43.08220666077005
950,43.13069668343042
951,43.17958518569456
952,43.228870101610816
953,43.27854936522759
954,43.32862091059325
955,43.37908267175617
956,43.429932582764735
957,43.481168577667326
958,43.53278859051231
959,43.58479055534807
960,43.63717240622298
961,43.68993207718543
962,43.74306750228378
963,43.79657661556641
964,43.85045735108171
965,43.90470764287805
966,43.95932542500381
967,44.01430863150736
968,44.06965519643708
969,44.12536305384136
970,44.18143013776856
971,44.237854382267074
972,44.29463372138526
973,44.35176608917152
974,44.40924941967421
975,44.46708164694172
976,44.52526070502242
977,44.58378452796469
978,44.642651049816905
979,44.70185820462745
980,44.7614039264447
981,44.82128614931703
982,44.88150280729282
983,44.94205183442045
984,45.00293116474828
985,45.06413873232472
986,45.12567247119812
987,45.18753031541686
988,45.24971019902932
989,45.3122100560839
990,45.375027820628944
991,45.43816142671285
992,45.50160880838399
993,45.56536789969074
994,45.62943663468148
995,45.69381294740459
996,45.75849477190844
997,45.82348004224141
998,45.88876669245188
999,45.95435265658823
1000,46.02023586869883
1001,46.08641426283207
1002,46.15288577303631
1003,46.21964833335994
1004,46.28669987785134
1005,46.35403834055887
1006,46.42166165553093
1007,46.48956775681589
1008,46.55775457846212
1009,46.626220054518
1010,46.69496211903191
1011,46.76397870605223
1012,46.83326774962733
1013,46.9028271838056
1014,46.9726549426354
1015,47.04274896016513
1016,47.11310717044314
1017,47.18372750751783
1018,47.25460790543757
1019,47.32574629825074
1020,47.39714062000572
1021,47.46878880475087
1022,47.54068878653459
1023,47.61283849940524
1024,47.68523587741121
1025,47.75787885460088
1026,47.83076536502261
1027,47.90389334272479
1028,47.97726072175579
1029,48.050865436164
1030,48.1247054199978
1031,48.19877860730554
1032,48.27308293213562
1033,48.34761632853642
1034,48.42237673055631
1035,48.49736207224366
1036,48.57257028764687
1037,48.64799931081429
1038,48.72364707579432
1039,48.79951151663532
1040,48.87559056738568
1041,48.951882162093774
1042,49.02838423480798
1043,49.10509471957668
1044,49.18201155044824
1045,49.25913266147104
1046,49.336455986693466
1047,49.41397946016389
1048,49.49170101593069
1049,49.569618588042246
1050,49.64773011054693
1051,49.72603351749312
1052,49.804526742929205
1053,49.88320772090355
1054,49.96207438546453
1055,50.041124670660544
1056,50.12035651053995
1057,50.19976783915112
1058,50.27935659054245
1059,50.35912069876231
1060,50.43905809785908
1061,50.51916672188112
1062,50.59944450487683
1063,50.67988938089458
1064,50.76049928398275
1065,50.84127214818972
1066,50.92220590756385
1067,51.00329849615353
1068,51.08454784800714
1069,51.16595189717306
1070,51.247508577699655
1071,51.32921582363532
1072,51.41107156902841
1073,51.49307374792732
1074,51.57522029438042
1075,51.6575091424361
1076,51.73993822614271
1077,51.82250547954867
1078,51.90520883670231
1079,51.98804623165204
1080,52.07101559844622
1081,52.154114871133245
1082,52.23734198376148
1083,52.3206948703793
1084,52.40417146503509
1085,52.48776970177723
1086,52.571487514654095
1087,52.65532283771405
1088,52.73927360500549
1089,52.82333775057678
1090,52.90751320847632
1091,52.99179791275245
1092,53.07618979745358
1093,53.16068679662807
1094,53.24528684432431
1095,53.32998787459066
1096,53.41478782147552
1097,53.49968461902725
1098,53.58467620129423
1099,53.66976050232485
1100,53.75493545616747
1101,53.84019899687048
1102,53.925549058482254
1103,54.01098357505117
1104,54.0965004806256
1105,54.18209770925393
1106,54.26777319498453
1107,54.35352487186579
1108,54.43935067394607
1109,54.52524853527376
1110,54.61121638989724
1111,54.69725217186488
1112,54.78335381522504
1113,54.86951925402614
1114,54.95574642231652
1115,55.04203325414458
1116,55.12837768355868
1117,55.21477764460722
1118,55.30123107133856
1119,55.38773589780107
1120,55.47429005804315
1121,55.56089148611317
1122,55.64753811605949
1123,55.73422788193052
1124,55.82095871777461
1125,55.90772855764015
1126,55.99453533557551
1127,56.08137698562908
1128,56.16825144184922
1129,56.25515663828432
1130,56.34209050898276
1131,56.42905098799291
1132,56.51603600936315
1133,56.60304350714185
1134,56.6900714153774
1135,56.77711766811818
1136,56.86418019941255
1137,56.951256943308906
1138,57.03834583385561
1139,57.125444805101054
1140,57.2125517910936
1141,57.29966472588164
1142,57.386781543513536
1143,57.47390017803768
1144,57.56101856350245
1145,57.64813463395622
1146,57.73524632344736
1147,57.822351566024246
1148,57.90944829573528
1149,57.9965344466288
1150,58.08360795275322
1151,58.1706667481569
1152,58.25770876688822
1153,58.34473194299556
1154,58.431734210527296
1155,58.5187135035318
1156,58.60566775605746
1157,58.69259490215265
1158,58.77949287586574
1159,58.86635961124512
1160,58.95319304233915
1161,59.03999110319623
1162,59.12675172786473
1163,59.21347285039301
1164,59.30015240482947
1165,59.38678832522248
1166,59.473378545620406
1167,59.55992100007165
1168,59.64641362262456
1169,59.73285434732754
1170,59.81924110822895
1171,59.90557183937718
1172,59.9918444748206
1173,60.07805694860759
1174,60.16420719478652
1175,60.25029314740578
1176,60.33631274051374
1177,60.42226390815878
1178,60.50814458438928
1179,60.59395270325361
1180,60.67968619880016
1181,60.76534300507729
1182,60.85092105613339
1183,60.93641828601683
1184,61.021832628776
1185,61.10716201845926
1186,61.192404389115005
1187,61.2775576747916
1188,61.36261980953744
1189,61.44758872740087
1190,61.5324623624303
1191,61.61723864867409
1192,61.70191552018063
1193,61.78649091099828
1194,61.87096275517544
1195,61.95532898676046
1196,62.03958753980174
1197,62.12373634834765
1198,62.207773346446565
1199,62.29169646814687
1200,62.37550364749693
1201,62.45919281854514
1202,62.54276191533987
1203,62.62620887192948
1204,62.70953162236237
1205,62.79272810068692
1206,62.87579624095148
1207,62.95873397720446
1208,63.04153924349422
1209,63.124209973869135
1210,63.2067441023776
1211,63.28913956306796
1212,63.37139428998864
1213,63.45350621718797
1214,63.53547327871436
1215,63.61729340861617
1216,63.69896454094179
1217,63.78048460973957
1218,63.86185154905793
1219,63.943063292945226
1220,64.02411777544984
1221,64.10501293062012
1222,64.1857466925045
1223,64.2663169951513
1224,64.34672177260893
1225,64.42695895892577
1226,64.50702648815019
1227,64.58692229433055
1228,64.66664431151526
1229,64.74619047375268
1230,64.82555871509118
1231,64.90474696957915
1232,64.98375317126496
1233,65.062575254197
1234,65.14121115242364
1235,65.21965879999325
1236,65.2979161309542
1237,65.37598107935491
1238,65.45385157924372
1239,65.53152556466901
1240,65.60900096967917
1241,65.68627572832258
1242,65.7633477746476
1243,65.84021504270261
1244,65.916875466536
1245,65.99332698019616
1246,66.06956751773143
1247,66.14559501319022
1248,66.22140740062088
1249,66.2970026140718
1250,66.37237858759138
1251,66.44753325522797
1252,66.52246455102994
1253,66.5971704090457
1254,66.6716487633236
1255,66.74589754791202
1256,66.81991469685937
1257,66.89369814421399
1258,66.96724582402427
1259,67.04055567033858
1260,67.11362561720532
1261,67.18645359867284
1262,67.25903754878954
1263,67.33137540160378
1264,67.40346509116395
1265,67.47530455151842
1266,67.54689171671558
1267,67.61822452080378
1268,67.68930089783143
1269,67.76011878184688
1270,67.83067610689852
1271,67.90097080703475
1272,67.97100081630393
1273,68.0407640687544
1274,68.11025849843459
1275,68.17948203939285
1276,68.24843262567758
1277,68.31710819133713
1278,68.3855066704199
1279,68.45362599697425
1280,68.52146410504858
1281,68.58901892869125
1282,68.65628840195063
1283,68.7232704588751
1284,68.78996303351308
1285,68.85636405991289
1286,68.92247147212294
1287,68.98828320419159
1288,69.05379719016723
1289,69.11901136409824
1290,69.18392366003299
1291,69.24853201201985
1292,69.31283435410721
1293,69.37682862034345
1294,69.44051274477695
1295,69.50388466145606
1296,69.56694230442918
1297,69.6296836077447
1298,69.69210650545097
1299,69.75420893159637
1300,69.81598882022931
1301,69.87744410539813
1302,69.93857272115122
1303,69.99937260153696
1304,70.05984168060374
1305,70.1199778923999
1306,70.17977917097386
1307,70.23924345037398
1308,70.29836866464863
1309,70.35715274784621
1310,70.41559363401507
1311,70.4736892572036
1312,70.53143755146019
1313,70.58883645083318
1314,70.64588388937099
1315,70.70257780112198
1316,70.75891612013453
1317,70.814896780457
1318,70.8705177161378
1319,70.92577686122527
1320,70.98067214976783
1321,71.03520151581382
1322,71.08936289341165
1323,71.14315421660966
1324,71.19657341945626
1325,71.2496184359998
1326,71.3022872002887
1327,71.3545776463713
1328,71.40648770829597
1329,71.45801532011113
1330,71.50915841586512
1331,71.55991492960635
1332,71.61028279538314
1333,71.66025994724393
1334,71.70984431923708
1335,71.75903384541095
1336,71.80782645981394
1337,71.8562200964944
1338,71.90421268950072
1339,71.9518021728813
1340,71.9989864806845
1341,72.04576354695868
1342,72.09213130575223
1343,72.13808769111355
1344,72.183630637091
1345,72.22875807773293
1346,72.27346794708777
1347,72.31775817920386
1348,72.36162670812959
1349,72.40507146791333
1350,72.44809039260349
1351,72.49068141624839
1352,72.53284247289645
1353,72.57457149659604
1354,72.61586642139554
1355,72.6567251813433
1356,72.69714571048775
1357,72.73712594287721
1358,72.7766638125601
1359,72.81575725358478
1360,72.85440419999964
1361,72.89260258585301
1362,72.93035034519335
1363,72.96764541206895
1364,73.00448572052827
1365,73.04086920461961
1366,73.0767937983914
1367,73.11225743589202
1368,73.14725805116981
1369,73.18179357827317
1370,73.21586195125047
1371,73.2494611041501
1372,73.28258897102043
1373,73.31524348590985
1374,73.3474225828667
1375,73.3791241959394
1376,73.4103462591763
1377,73.44108670662578
1378,73.47134347233626
1379,73.50111449035606
1380,73.53039769473358
1381,73.55919101951719
1382,73.58749239875527
1383,73.61529976649624
1384,73.64261105678841
1385,73.6694242036802
1386,73.69573714121995
1387,73.72154780345609
1388,73.74685412443698
1389,73.77165403821095
1390,73.79594547882645
1391,73.81972638033182
1392,73.84299467677542
1393,73.86574830220567
1394,73.88798519067092
1395,73.90970327621955
1396,73.93090049289994
1397,73.95157477476047
1398,73.9717240558495
1399,73.99134627021544
1400,74.01043935190665
1401,74.02900123497153
1402,74.0470298534584
1403,74.0645231414157
1404,74.08147903289176
1405,74.097895461935
1406,74.11377036259375
1407,74.12910166891643
1408,74.14388731495141
1409,74.15812523474705
1410,74.17181336235174
1411,74.18494963181385
1412,74.19753197718177
1413,74.20955833250386
1414,74.22102663182851
1415,74.23193480920409
1416,74.24228079867899
1417,74.25206253430157
1418,74.26127795012023
1419,74.2699249801833
1420,74.27800155853923
1421,74.28550561923635
1422,74.29243509632305
1423,74.2987879238477
1424,74.30456203585868
1425,74.30975536640437
1426,74.31436584953316
1427,74.31839141929339
1428,74.32183000973347
1429,74.32467955490179
1430,74.32693798884668
1431,74.32860324561655
1432,74.32967325925979
1433,74.33014596382475
1434,74.33001929335981
1435,74.32929118191338
1436,74.3279595635338
1437,74.32602237226945
1438,75.29416566666667
1439,75.27338807407408
